{
  "hash": "9cbdf01f",
  "configHash": "4c9605c3",
  "lockfileHash": "a3d2a5b8",
  "browserHash": "b1d9131f",
  "optimized": {
    "@angular/common": {
      "src": "../../../../../../node_modules/@angular/common/fesm2022/common.mjs",
      "file": "@angular_common.js",
      "fileHash": "83388401",
      "needsInterop": false
    },
    "@angular/common/http": {
      "src": "../../../../../../node_modules/@angular/common/fesm2022/http.mjs",
      "file": "@angular_common_http.js",
      "fileHash": "72f99589",
      "needsInterop": false
    },
    "@angular/core": {
      "src": "../../../../../../node_modules/@angular/core/fesm2022/core.mjs",
      "file": "@angular_core.js",
      "fileHash": "f2998fa1",
      "needsInterop": false
    },
    "@angular/forms": {
      "src": "../../../../../../node_modules/@angular/forms/fesm2022/forms.mjs",
      "file": "@angular_forms.js",
      "fileHash": "7b8faa7d",
      "needsInterop": false
    },
    "@angular/platform-browser": {
      "src": "../../../../../../node_modules/@angular/platform-browser/fesm2022/platform-browser.mjs",
      "file": "@angular_platform-browser.js",
      "fileHash": "5603ae8b",
      "needsInterop": false
    },
    "@angular/router": {
      "src": "../../../../../../node_modules/@angular/router/fesm2022/router.mjs",
      "file": "@angular_router.js",
      "fileHash": "4e662c27",
      "needsInterop": false
    }
  },
  "chunks": {
    "chunk-YRU2HRBE": {
      "file": "chunk-YRU2HRBE.js"
    },
    "chunk-N7BYCKIZ": {
      "file": "chunk-N7BYCKIZ.js"
    },
    "chunk-6OORFGZS": {
      "file": "chunk-6OORFGZS.js"
    },
    "chunk-KQVTM4CV": {
      "file": "chunk-KQVTM4CV.js"
    }
  }
}